time,temperature_2m,relative_humidity_2m,surface_pressure,wind_speed_10m,wind_direction_10m
2026-05-01 00:00:00,16.8,80,997.5,10.0,75
2026-05-01 01:00:00,16.3,83,997.1,9.6,86
2026-05-01 02:00:00,15.8,83,996.9,7.4,76
2026-05-01 03:00:00,15.2,83,996.7,7.0,67
2026-05-01 04:00:00,15.4,79,997.2,7.9,57
2026-05-01 05:00:00,17.1,72,997.5,7.1,43
2026-05-01 06:00:00,19.5,64,997.8,6.5,30
2026-05-01 07:00:00,21.9,49,998.0,6.0,10
2026-05-01 08:00:00,24.4,34,997.9,4.1,2
2026-05-01 09:00:00,26.4,24,997.8,5.0,341
2026-05-01 10:00:00,27.9,20,997.5,6.2,339
2026-05-01 11:00:00,28.9,19,996.9,6.5,347
2026-05-01 12:00:00,28.7,18,996.6,4.5,344
2026-05-01 13:00:00,30.0,16,996.2,4.1,337
2026-05-01 14:00:00,30.2,14,995.7,5.9,333
2026-05-01 15:00:00,30.0,13,995.6,7.9,319
2026-05-01 16:00:00,29.0,13,995.5,10.1,336
2026-05-01 17:00:00,27.9,15,995.9,7.6,345
2026-05-01 18:00:00,27.0,16,996.3,9.4,5
2026-05-01 19:00:00,23.3,44,996.9,16.4,51
2026-05-01 20:00:00,21.9,50,997.1,15.4,54
2026-05-01 21:00:00,20.9,52,996.8,15.2,66
2026-05-01 22:00:00,20.1,52,996.5,14.4,75
2026-05-01 23:00:00,19.6,51,995.8,14.8,80
2026-05-02 00:00:00,19.3,53,995.4,13.4,82
2026-05-02 01:00:00,18.9,53,995.3,14.3,86
2026-05-02 02:00:00,18.6,52,995.0,14.6,94
2026-05-02 03:00:00,18.8,47,994.7,14.9,102
2026-05-02 04:00:00,20.0,41,994.6,15.3,107
2026-05-02 05:00:00,23.0,32,994.3,13.8,114
2026-05-02 06:00:00,26.9,25,994.3,12.4,118
2026-05-02 07:00:00,29.5,19,994.2,13.7,125
2026-05-02 08:00:00,30.7,17,994.0,11.9,129
2026-05-02 09:00:00,32.0,15,993.6,10.2,131
2026-05-02 10:00:00,33.1,14,992.9,8.9,138
2026-05-02 11:00:00,33.7,14,991.8,9.1,158
2026-05-02 12:00:00,34.2,13,991.0,7.5,190
2026-05-02 13:00:00,34.0,13,990.3,9.2,213
2026-05-02 14:00:00,34.4,12,989.0,4.4,235
2026-05-02 15:00:00,34.7,12,988.1,9.4,230
2026-05-02 16:00:00,34.3,12,987.6,9.5,207
2026-05-02 17:00:00,31.9,18,988.1,1.0,301
2026-05-02 18:00:00,24.6,38,990.9,20.6,354
2026-05-02 19:00:00,22.1,47,991.6,24.7,17
2026-05-02 20:00:00,21.0,54,992.4,22.0,8
2026-05-02 21:00:00,19.8,66,992.5,19.6,14
2026-05-02 22:00:00,19.4,71,992.2,16.1,20
2026-05-02 23:00:00,18.6,76,991.7,14.8,32
2026-05-03 00:00:00,18.2,76,991.4,10.1,40
2026-05-03 01:00:00,17.8,80,991.6,6.9,45
2026-05-03 02:00:00,17.1,84,991.8,3.5,24
2026-05-03 03:00:00,16.5,87,992.1,1.5,339
2026-05-03 04:00:00,17.1,83,992.6,2.8,281
2026-05-03 05:00:00,18.4,75,993.2,4.1,255
2026-05-03 06:00:00,20.4,64,994.1,8.0,275
2026-05-03 07:00:00,22.2,53,994.8,11.5,259
2026-05-03 08:00:00,24.1,42,995.4,14.9,257
2026-05-03 09:00:00,25.8,33,995.7,19.6,259
2026-05-03 10:00:00,26.9,31,995.6,24.6,262
2026-05-03 11:00:00,26.8,32,995.6,27.0,267
2026-05-03 12:00:00,24.7,42,996.6,23.8,288
2026-05-03 13:00:00,24.0,44,996.6,18.8,300
2026-05-03 14:00:00,24.1,38,996.8,17.8,297
2026-05-03 15:00:00,22.9,38,997.1,18.6,295
2026-05-03 16:00:00,21.0,42,997.6,18.1,301
2026-05-03 17:00:00,20.0,44,998.5,15.7,304
2026-05-03 18:00:00,19.0,45,999.3,15.7,320
2026-05-03 19:00:00,17.9,49,1000.2,14.2,321
2026-05-03 20:00:00,17.1,53,1000.7,12.9,317
2026-05-03 21:00:00,16.4,56,1000.9,11.6,316
2026-05-03 22:00:00,15.6,59,1000.9,10.1,311
2026-05-03 23:00:00,14.9,64,1000.6,9.4,300
2026-05-04 00:00:00,14.5,62,1000.8,10.2,307
2026-05-04 01:00:00,13.9,63,1000.8,9.6,300
2026-05-04 02:00:00,13.4,64,1000.5,7.1,291
2026-05-04 03:00:00,12.8,67,1000.5,5.2,245
2026-05-04 04:00:00,13.2,65,1001.0,7.5,213
2026-05-04 05:00:00,14.6,58,1001.5,9.6,217
2026-05-04 06:00:00,16.9,49,1001.6,11.8,242
2026-05-04 07:00:00,18.6,41,1001.8,15.7,271
2026-05-04 08:00:00,20.0,38,1002.1,18.0,277
2026-05-04 09:00:00,21.8,33,1001.9,22.0,280
2026-05-04 10:00:00,21.2,35,1001.8,20.7,288
2026-05-04 11:00:00,22.5,30,1001.1,17.8,286
2026-05-04 12:00:00,22.1,33,1000.9,18.3,307
2026-05-04 13:00:00,22.6,29,1000.3,12.1,305
2026-05-04 14:00:00,23.5,25,999.7,14.4,292
2026-05-04 15:00:00,22.5,25,999.6,17.9,311
2026-05-04 16:00:00,20.6,33,999.9,19.0,319
2026-05-04 17:00:00,19.6,34,1000.5,15.9,315
2026-05-04 18:00:00,18.5,38,1001.3,16.1,320
2026-05-04 19:00:00,17.5,44,1001.8,15.5,320
2026-05-04 20:00:00,16.5,51,1002.1,13.8,318
2026-05-04 21:00:00,15.7,55,1002.0,11.8,314
2026-05-04 22:00:00,15.1,59,1002.2,10.6,320
2026-05-04 23:00:00,14.4,63,1001.8,8.7,323
2026-05-05 00:00:00,14.1,61,1001.1,4.5,317
2026-05-05 01:00:00,13.6,64,1000.8,4.4,302
2026-05-05 02:00:00,13.0,68,1000.5,4.6,281
2026-05-05 03:00:00,12.8,69,1000.3,4.7,266
2026-05-05 04:00:00,13.4,67,1000.7,5.9,252
2026-05-05 05:00:00,14.8,63,1001.4,6.7,268
2026-05-05 06:00:00,16.5,55,1001.6,11.2,310
2026-05-05 07:00:00,17.9,47,1001.5,11.2,310
2026-05-05 08:00:00,19.5,39,1001.7,12.0,303
2026-05-05 09:00:00,20.6,33,1001.6,12.7,297
2026-05-05 10:00:00,21.8,30,1001.3,13.5,293
2026-05-05 11:00:00,22.6,27,1000.9,13.7,302
2026-05-05 12:00:00,22.5,29,1000.7,13.5,308
2026-05-05 13:00:00,23.3,26,1000.1,12.8,301
2026-05-05 14:00:00,23.0,27,999.7,15.6,307
2026-05-05 15:00:00,22.1,28,999.8,16.3,313
2026-05-05 16:00:00,20.5,33,1000.0,17.0,324
2026-05-05 17:00:00,19.9,33,1000.3,14.3,329
2026-05-05 18:00:00,18.5,39,1001.1,15.9,347
2026-05-05 19:00:00,17.7,40,1001.5,13.2,350
2026-05-05 20:00:00,17.0,43,1001.7,12.2,352
2026-05-05 21:00:00,16.0,46,1001.8,8.9,6
2026-05-05 22:00:00,15.2,50,1001.5,5.2,27
2026-05-05 23:00:00,14.2,54,1001.2,4.1,45
2026-05-06 00:00:00,14.1,53,1000.6,4.9,24
2026-05-06 01:00:00,13.6,55,1000.6,4.8,27
2026-05-06 02:00:00,12.9,59,1000.6,4.5,29
2026-05-06 03:00:00,12.6,61,1000.8,3.0,25
2026-05-06 04:00:00,13.2,60,1001.5,3.4,6
2026-05-06 05:00:00,15.0,54,1002.0,4.3,355
2026-05-06 06:00:00,17.1,45,1002.2,8.7,6
2026-05-06 07:00:00,18.6,40,1002.4,9.1,8
2026-05-06 08:00:00,20.0,35,1002.4,8.7,7
2026-05-06 09:00:00,21.4,31,1002.1,9.1,7
2026-05-06 10:00:00,22.5,29,1001.6,8.8,9
2026-05-06 11:00:00,23.6,27,1001.1,7.8,15
2026-05-06 12:00:00,24.0,27,1000.5,8.7,13
2026-05-06 13:00:00,24.6,26,999.9,9.0,15
2026-05-06 14:00:00,24.8,26,999.6,9.3,16
2026-05-06 15:00:00,24.4,27,999.3,11.3,14
2026-05-06 16:00:00,23.3,29,999.4,13.8,11
2026-05-06 17:00:00,22.3,31,999.5,13.0,17
2026-05-06 18:00:00,21.8,32,1000.2,11.9,15
2026-05-06 19:00:00,19.2,47,1001.1,22.6,37
2026-05-06 20:00:00,17.9,55,1001.5,18.1,37
2026-05-06 21:00:00,17.0,60,1001.7,16.0,41
2026-05-06 22:00:00,16.2,65,1001.5,13.6,40
2026-05-06 23:00:00,15.6,69,1001.2,11.5,35
2026-05-07 00:00:00,15.4,71,1000.7,10.7,31
2026-05-07 01:00:00,14.7,74,1000.7,9.9,32
2026-05-07 02:00:00,14.1,77,1000.6,9.8,40
2026-05-07 03:00:00,13.6,80,1000.7,10.1,46
2026-05-07 04:00:00,13.9,79,1001.2,10.3,44
2026-05-07 05:00:00,15.6,71,1001.9,9.6,33
2026-05-07 06:00:00,17.8,59,1002.1,14.2,35
2026-05-07 07:00:00,19.4,51,1002.1,15.3,34
2026-05-07 08:00:00,21.2,42,1002.1,16.3,33
2026-05-07 09:00:00,22.9,37,1001.7,16.7,33
2026-05-07 10:00:00,24.4,33,1001.1,16.0,31
2026-05-07 11:00:00,25.8,30,1000.8,15.6,27
2026-05-07 12:00:00,26.4,28,1000.0,16.3,25
2026-05-07 13:00:00,27.0,26,999.7,17.8,28
2026-05-07 14:00:00,26.1,29,999.4,20.6,34
2026-05-07 15:00:00,24.4,32,999.5,22.0,37
2026-05-07 16:00:00,22.6,33,999.9,22.1,38
2026-05-07 17:00:00,21.0,38,1000.5,21.1,40
2026-05-07 18:00:00,19.8,45,1001.0,21.0,43
2026-05-07 19:00:00,18.5,53,1001.6,19.9,41
2026-05-07 20:00:00,17.5,62,1002.2,19.5,37
2026-05-07 21:00:00,16.7,68,1002.4,17.9,36
2026-05-07 22:00:00,16.0,73,1002.1,17.0,40
2026-05-07 23:00:00,15.5,78,1001.4,16.6,39
2026-05-08 00:00:00,15.0,83,1001.1,17.0,40
2026-05-08 01:00:00,14.6,86,1000.9,16.8,43
2026-05-08 02:00:00,14.4,89,1001.0,16.3,43
2026-05-08 03:00:00,13.9,91,1001.0,15.1,41
2026-05-08 04:00:00,14.1,91,1001.7,14.4,38
2026-05-08 05:00:00,15.9,82,1002.2,14.5,38
2026-05-08 06:00:00,18.1,72,1002.1,17.0,39
2026-05-08 07:00:00,20.2,59,1002.0,19.2,44
2026-05-08 08:00:00,22.3,49,1001.9,19.5,42
2026-05-08 09:00:00,24.4,39,1001.6,20.3,41
2026-05-08 10:00:00,26.1,33,1001.0,20.0,35
2026-05-08 11:00:00,27.5,28,1000.5,19.2,32
2026-05-08 12:00:00,28.2,23,1000.0,19.0,33
2026-05-08 13:00:00,28.5,20,999.5,20.0,36
2026-05-08 14:00:00,28.0,20,999.2,20.6,35
2026-05-08 15:00:00,27.0,22,999.4,21.4,30
2026-05-08 16:00:00,25.4,25,999.6,20.8,31
2026-05-08 17:00:00,23.5,31,1000.4,20.6,33
2026-05-08 18:00:00,21.9,39,1001.4,20.7,35
2026-05-08 19:00:00,20.5,44,1001.8,19.4,43
2026-05-08 20:00:00,19.5,49,1001.9,18.1,43
2026-05-08 21:00:00,18.5,54,1001.8,16.8,44
2026-05-08 22:00:00,17.8,59,1001.5,15.3,39
2026-05-08 23:00:00,17.0,63,1001.1,14.2,40
2026-05-09 00:00:00,16.1,72,1000.9,13.1,30
2026-05-09 01:00:00,15.6,77,1000.7,12.9,37
2026-05-09 02:00:00,15.1,82,1000.2,13.7,50
2026-05-09 03:00:00,14.9,86,1000.3,13.9,56
2026-05-09 04:00:00,15.4,85,1000.7,13.4,58
2026-05-09 05:00:00,17.2,76,1000.6,12.4,51
2026-05-09 06:00:00,19.9,63,1000.9,14.3,44
2026-05-09 07:00:00,22.5,46,1000.9,16.4,43
2026-05-09 08:00:00,24.9,35,1000.9,18.3,43
2026-05-09 09:00:00,27.0,29,1000.8,18.6,37
2026-05-09 10:00:00,28.9,24,1000.3,18.8,30
2026-05-09 11:00:00,30.5,20,999.9,18.9,29
2026-05-09 12:00:00,30.9,19,999.6,18.9,28
2026-05-09 13:00:00,31.3,16,999.3,20.4,27
2026-05-09 14:00:00,30.6,16,999.2,21.2,27
2026-05-09 15:00:00,29.5,16,999.1,20.9,29
2026-05-09 16:00:00,27.9,18,999.3,21.0,33
2026-05-09 17:00:00,26.0,22,999.7,20.7,40
2026-05-09 18:00:00,24.4,26,1000.3,19.2,42
2026-05-09 19:00:00,23.4,29,1000.7,17.1,42
2026-05-09 20:00:00,22.4,32,1000.8,15.8,46
2026-05-09 21:00:00,21.4,36,1000.6,15.2,50
2026-05-09 22:00:00,20.5,40,1000.2,15.1,55
2026-05-09 23:00:00,19.5,45,999.8,15.1,61
2026-05-10 00:00:00,18.6,55,999.6,13.9,54
2026-05-10 01:00:00,17.5,62,999.8,13.6,55
2026-05-10 02:00:00,16.7,69,999.9,13.3,50
2026-05-10 03:00:00,16.2,75,1000.1,12.1,53
2026-05-10 04:00:00,16.5,75,1000.5,12.0,53
2026-05-10 05:00:00,18.4,68,1000.9,11.3,53
2026-05-10 06:00:00,21.1,56,1000.9,12.0,47
2026-05-10 07:00:00,23.7,42,1001.1,14.1,47
2026-05-10 08:00:00,26.0,33,1001.1,15.3,48
2026-05-10 09:00:00,28.1,27,1000.7,15.4,45
2026-05-10 10:00:00,29.9,24,1000.4,14.8,41
2026-05-10 11:00:00,31.4,22,1000.0,14.4,34
2026-05-10 12:00:00,32.0,20,999.5,14.2,29
2026-05-10 13:00:00,33.0,18,998.8,14.0,33
2026-05-10 14:00:00,33.2,16,998.1,14.8,33
2026-05-10 15:00:00,32.8,16,997.8,16.4,29
2026-05-10 16:00:00,31.4,17,998.2,17.7,35
2026-05-10 17:00:00,28.9,20,998.8,19.9,53
2026-05-10 18:00:00,27.0,23,999.7,17.2,63
2026-05-10 19:00:00,25.5,25,999.9,14.8,76
2026-05-10 20:00:00,24.0,29,999.9,13.5,82
2026-05-10 21:00:00,22.8,31,1000.0,12.6,80
2026-05-10 22:00:00,21.9,32,999.8,12.4,80
2026-05-10 23:00:00,21.0,34,999.3,11.2,74
2026-05-11 00:00:00,19.7,37,998.8,12.8,81
2026-05-11 01:00:00,19.3,36,998.4,14.3,95
2026-05-11 02:00:00,19.1,35,998.3,11.7,93
2026-05-11 03:00:00,18.9,35,998.5,10.6,92
2026-05-11 04:00:00,19.7,32,999.3,10.3,90
2026-05-11 05:00:00,22.6,27,1000.0,9.6,77
2026-05-11 06:00:00,25.9,21,1000.2,8.5,62
2026-05-11 07:00:00,28.0,18,1000.4,8.7,37
2026-05-11 08:00:00,29.5,17,1000.6,9.5,25
2026-05-11 09:00:00,30.9,15,1000.2,9.2,23
2026-05-11 10:00:00,32.2,13,999.9,9.3,25
2026-05-11 11:00:00,33.1,12,999.6,9.4,30
2026-05-11 12:00:00,33.4,12,998.8,9.8,30
2026-05-11 13:00:00,34.2,11,998.5,9.9,29
2026-05-11 14:00:00,34.7,11,998.0,11.7,27
2026-05-11 15:00:00,34.2,11,997.7,13.5,19
2026-05-11 16:00:00,33.3,12,998.0,13.2,17
2026-05-11 17:00:00,31.5,16,998.4,18.5,27
2026-05-11 18:00:00,28.7,22,999.2,18.2,44
2026-05-11 19:00:00,27.0,25,999.6,16.1,60
2026-05-11 20:00:00,25.5,28,999.5,15.0,76
2026-05-11 21:00:00,24.2,29,999.0,14.4,86
2026-05-11 22:00:00,23.6,27,998.5,12.8,92
2026-05-11 23:00:00,23.4,25,998.1,11.1,98
2026-05-12 00:00:00,22.7,28,997.2,10.8,116
2026-05-12 01:00:00,21.8,32,996.9,6.7,124
2026-05-12 02:00:00,20.9,35,997.0,5.1,135
2026-05-12 03:00:00,20.0,37,996.7,7.1,142
2026-05-12 04:00:00,21.0,34,997.4,6.8,153
2026-05-12 05:00:00,24.8,29,998.0,7.3,163
2026-05-12 06:00:00,29.8,19,998.0,7.0,212
2026-05-12 07:00:00,32.2,17,998.1,9.6,210
2026-05-12 08:00:00,34.4,14,998.1,12.2,209
2026-05-12 09:00:00,36.2,13,997.7,13.8,212
2026-05-12 10:00:00,37.8,12,997.0,15.5,224
2026-05-12 11:00:00,38.7,11,996.6,17.1,242
2026-05-12 12:00:00,38.6,11,995.6,17.3,246
2026-05-12 13:00:00,38.7,11,994.9,17.9,245
2026-05-12 14:00:00,38.9,10,993.9,16.1,233
2026-05-12 15:00:00,38.8,9,993.3,16.6,236
2026-05-12 16:00:00,36.2,14,994.0,15.3,287
2026-05-12 17:00:00,32.8,22,995.1,16.5,328
2026-05-12 18:00:00,29.8,27,996.0,15.3,336
2026-05-12 19:00:00,28.0,29,996.3,11.7,347
2026-05-12 20:00:00,26.5,31,996.6,10.1,350
2026-05-12 21:00:00,24.8,35,996.5,11.1,340
2026-05-12 22:00:00,22.8,44,996.3,9.8,340
2026-05-12 23:00:00,21.0,57,996.3,9.4,343
2026-05-13 00:00:00,19.5,72,996.1,10.2,353
2026-05-13 01:00:00,18.3,79,996.1,9.4,4
2026-05-13 02:00:00,17.5,84,996.4,9.9,10
2026-05-13 03:00:00,17.0,88,996.6,8.3,27
2026-05-13 04:00:00,17.4,86,997.2,8.4,45
2026-05-13 05:00:00,19.1,76,997.9,7.9,45
2026-05-13 06:00:00,21.6,61,998.1,9.6,40
2026-05-13 07:00:00,24.0,50,998.5,10.3,29
2026-05-13 08:00:00,26.3,40,998.7,10.4,26
2026-05-13 09:00:00,28.7,32,998.8,10.4,23
2026-05-13 10:00:00,30.9,25,998.3,10.5,24
2026-05-13 11:00:00,32.5,19,997.7,9.9,27
2026-05-13 12:00:00,33.3,18,997.1,8.0,25
2026-05-13 13:00:00,34.1,15,996.4,6.2,26
2026-05-13 14:00:00,34.5,13,995.7,3.3,36
2026-05-13 15:00:00,34.5,11,995.4,5.5,19
2026-05-13 16:00:00,34.0,10,995.3,6.5,5
2026-05-13 17:00:00,32.0,12,995.4,6.4,10
2026-05-13 18:00:00,31.4,13,995.8,8.5,358
2026-05-13 19:00:00,30.0,17,996.6,15.2,349
2026-05-13 20:00:00,26.8,32,997.1,12.1,27
2026-05-13 21:00:00,25.3,37,996.7,10.6,60
2026-05-13 22:00:00,24.2,39,996.3,10.3,84
2026-05-13 23:00:00,23.4,39,996.0,8.7,77
2026-05-14 00:00:00,22.5,41,995.2,10.0,96
2026-05-14 01:00:00,22.0,40,994.5,12.9,110
2026-05-14 02:00:00,21.9,38,994.5,12.1,118
2026-05-14 03:00:00,21.2,40,994.7,9.4,130
2026-05-14 04:00:00,21.1,44,995.2,6.7,144
2026-05-14 05:00:00,24.6,38,995.7,7.4,157
2026-05-14 06:00:00,29.5,27,996.2,5.2,186
2026-05-14 07:00:00,31.0,23,996.4,5.9,207
2026-05-14 08:00:00,32.5,18,996.1,6.6,213
2026-05-14 09:00:00,33.9,14,996.0,7.0,235
2026-05-14 10:00:00,35.0,12,995.3,7.4,241
2026-05-14 11:00:00,36.1,11,994.5,8.4,233
2026-05-14 12:00:00,37.3,8,993.7,9.6,250
2026-05-14 13:00:00,37.7,8,992.9,11.7,249
2026-05-14 14:00:00,37.3,8,992.6,12.8,264
2026-05-14 15:00:00,37.0,8,992.2,12.0,277
2026-05-14 16:00:00,36.0,8,991.5,8.3,283
2026-05-14 17:00:00,33.6,9,991.9,7.0,299
2026-05-14 18:00:00,29.6,19,992.9,15.7,359
2026-05-14 19:00:00,28.1,23,993.5,11.1,23
2026-05-14 20:00:00,26.9,26,993.8,11.2,22
2026-05-14 21:00:00,25.8,30,994.0,12.3,3
2026-05-14 22:00:00,24.7,36,994.2,13.9,355
2026-05-14 23:00:00,23.3,43,994.3,11.1,8
2026-05-15 00:00:00,22.5,46,993.7,8.9,24
2026-05-15 01:00:00,21.4,51,993.9,7.7,30
2026-05-15 02:00:00,20.6,54,993.8,7.0,42
2026-05-15 03:00:00,19.7,57,994.0,4.5,47
2026-05-15 04:00:00,20.5,55,994.8,2.7,23
2026-05-15 05:00:00,21.6,52,995.7,7.3,320
2026-05-15 06:00:00,23.4,48,996.0,8.1,321
2026-05-15 07:00:00,25.4,39,996.5,7.9,319
2026-05-15 08:00:00,27.3,32,996.4,7.1,308
2026-05-15 09:00:00,29.3,26,996.4,8.3,286
2026-05-15 10:00:00,31.0,20,996.0,11.5,284
2026-05-15 11:00:00,32.1,15,995.5,13.8,285
2026-05-15 12:00:00,31.9,15,995.3,15.5,290
2026-05-15 13:00:00,31.6,16,994.9,15.9,284
2026-05-15 14:00:00,31.3,18,994.9,16.9,284
2026-05-15 15:00:00,30.6,17,995.0,17.5,289
2026-05-15 16:00:00,29.0,17,995.0,19.3,291
2026-05-15 17:00:00,27.2,20,995.9,18.1,300
2026-05-15 18:00:00,25.4,26,996.5,16.1,311
2026-05-15 19:00:00,24.0,28,997.2,12.9,311
2026-05-15 20:00:00,23.0,31,997.7,12.4,310
2026-05-15 21:00:00,21.8,35,997.7,12.1,305
2026-05-15 22:00:00,20.5,43,997.6,12.1,312
2026-05-15 23:00:00,19.2,54,997.2,9.3,317
2026-05-16 00:00:00,18.8,62,996.9,9.8,329
2026-05-16 01:00:00,17.9,70,996.6,8.0,342
2026-05-16 02:00:00,17.2,75,996.8,8.0,342
2026-05-16 03:00:00,16.6,79,996.8,5.2,346
2026-05-16 04:00:00,17.1,79,997.7,8.5,333
2026-05-16 05:00:00,18.3,75,997.8,7.8,334
2026-05-16 06:00:00,20.0,66,998.2,6.9,351
2026-05-16 07:00:00,22.0,57,998.6,5.9,349
2026-05-16 08:00:00,24.3,45,998.3,4.0,350
2026-05-16 09:00:00,26.5,36,998.4,4.8,338
2026-05-16 10:00:00,28.4,30,997.7,4.8,340
2026-05-16 11:00:00,29.9,26,996.9,3.6,340
2026-05-16 12:00:00,30.0,25,996.5,3.6,333
2026-05-16 13:00:00,31.0,23,996.0,3.1,298
2026-05-16 14:00:00,31.4,22,995.3,4.7,274
2026-05-16 15:00:00,31.3,22,995.4,7.1,285
2026-05-16 16:00:00,30.9,23,995.4,8.8,285
2026-05-16 17:00:00,29.7,25,995.7,9.0,276
2026-05-16 18:00:00,28.6,28,996.1,9.1,277
2026-05-16 19:00:00,27.8,31,996.5,9.2,271
2026-05-16 20:00:00,26.2,36,996.4,3.1,353
2026-05-16 21:00:00,24.9,39,996.3,1.5,45
2026-05-16 22:00:00,23.6,42,996.2,3.2,56
2026-05-16 23:00:00,22.7,45,995.8,4.0,98
2026-05-17 00:00:00,22.9,45,994.7,5.2,139
2026-05-17 01:00:00,22.9,44,994.3,8.2,165
2026-05-17 02:00:00,22.8,43,994.4,10.8,182
2026-05-17 03:00:00,22.9,41,994.0,11.5,169
2026-05-17 04:00:00,24.0,37,994.5,11.3,166
2026-05-17 05:00:00,27.0,30,994.7,10.9,174
2026-05-17 06:00:00,30.1,25,994.7,10.0,186
2026-05-17 07:00:00,32.5,22,994.6,13.3,193
2026-05-17 08:00:00,34.3,19,994.5,16.8,201
2026-05-17 09:00:00,36.2,17,994.7,18.7,208
2026-05-17 10:00:00,38.0,15,993.9,21.5,214
2026-05-17 11:00:00,39.3,14,993.2,21.9,216
2026-05-17 12:00:00,39.7,13,993.1,17.3,224
2026-05-17 13:00:00,40.3,12,992.7,16.8,228
2026-05-17 14:00:00,40.2,12,992.3,16.0,251
2026-05-17 15:00:00,39.3,13,992.1,14.7,245
2026-05-17 16:00:00,38.3,14,991.6,10.6,227
2026-05-17 17:00:00,35.7,18,991.4,4.7,184
2026-05-17 18:00:00,34.6,19,991.4,7.2,118
2026-05-17 19:00:00,32.9,22,991.9,6.3,125
2026-05-17 20:00:00,31.4,25,992.8,6.2,22
2026-05-17 21:00:00,28.7,29,993.5,19.3,24
2026-05-17 22:00:00,27.4,32,993.6,14.4,44
2026-05-17 23:00:00,26.4,34,992.7,16.1,66
2026-05-18 00:00:00,26.3,35,991.6,17.4,83
2026-05-18 01:00:00,26.8,33,991.8,17.5,89
2026-05-18 02:00:00,27.8,30,991.0,16.7,104
2026-05-18 03:00:00,25.3,37,992.4,4.5,2
2026-05-18 04:00:00,24.0,42,993.6,14.3,342
2026-05-18 05:00:00,25.4,43,994.2,11.5,23
2026-05-18 06:00:00,26.9,41,994.1,14.3,23
2026-05-18 07:00:00,28.8,37,994.7,11.4,29
2026-05-18 08:00:00,31.0,30,994.9,12.6,29
2026-05-18 09:00:00,33.0,26,995.2,12.7,16
2026-05-18 10:00:00,34.7,23,995.2,13.2,5
2026-05-18 11:00:00,36.5,19,994.8,11.5,1
2026-05-18 12:00:00,36.8,18,994.4,11.9,15
2026-05-18 13:00:00,37.5,16,994.4,11.7,18
2026-05-18 14:00:00,37.8,15,994.0,12.7,21
2026-05-18 15:00:00,37.6,15,994.0,13.2,17
2026-05-18 16:00:00,34.8,20,994.2,21.5,37
2026-05-18 17:00:00,32.0,24,995.2,18.1,47
2026-05-18 18:00:00,30.0,27,995.4,18.1,57
2026-05-18 19:00:00,28.2,30,996.3,17.2,57
2026-05-18 20:00:00,26.7,33,997.0,13.8,58
2026-05-18 21:00:00,25.4,37,996.7,12.4,74
2026-05-18 22:00:00,24.7,38,996.4,10.5,66
2026-05-18 23:00:00,23.8,41,996.1,9.4,52
2026-05-19 00:00:00,22.5,49,995.3,11.4,64
2026-05-19 01:00:00,22.0,50,995.4,12.0,46
2026-05-19 02:00:00,20.6,59,995.8,14.1,39
2026-05-19 03:00:00,19.8,66,996.3,12.0,45
2026-05-19 04:00:00,20.0,68,997.0,11.1,53
2026-05-19 05:00:00,21.9,58,997.6,10.8,48
2026-05-19 06:00:00,24.4,45,997.4,10.7,40
2026-05-19 07:00:00,26.4,37,997.9,11.9,23
2026-05-19 08:00:00,28.5,31,997.9,10.2,34
2026-05-19 09:00:00,30.6,25,998.2,11.5,14
2026-05-19 10:00:00,32.5,22,997.6,10.5,25
2026-05-19 11:00:00,33.8,20,996.9,10.0,23
2026-05-19 12:00:00,34.4,19,996.7,10.5,13
2026-05-19 13:00:00,35.2,17,996.2,11.4,5
2026-05-19 14:00:00,35.3,17,995.8,13.2,355
2026-05-19 15:00:00,34.7,18,995.9,13.9,360
2026-05-19 16:00:00,33.5,19,995.5,14.6,13
2026-05-19 17:00:00,31.1,22,995.9,21.6,39
2026-05-19 18:00:00,27.9,27,997.2,19.2,47
2026-05-19 19:00:00,26.0,31,998.0,18.2,45
2026-05-19 20:00:00,24.4,36,998.4,16.9,44
2026-05-19 21:00:00,23.0,40,998.0,14.2,55
2026-05-19 22:00:00,22.0,43,997.3,11.5,65
2026-05-19 23:00:00,21.4,46,996.3,10.3,77
2026-05-20 00:00:00,21.0,50,995.7,9.2,87
2026-05-20 01:00:00,20.9,46,995.2,10.3,109
2026-05-20 02:00:00,20.6,48,995.3,0.9,143
2026-05-20 03:00:00,20.2,49,995.8,4.4,308
2026-05-20 04:00:00,20.3,53,997.0,12.1,312
2026-05-20 05:00:00,21.5,48,997.7,12.5,323
2026-05-20 06:00:00,22.9,51,997.9,10.6,321
2026-05-20 07:00:00,24.5,51,998.3,9.6,303
2026-05-20 08:00:00,26.5,45,998.1,12.3,297
2026-05-20 09:00:00,28.0,37,998.0,15.1,293
2026-05-20 10:00:00,29.0,29,997.5,16.6,292
2026-05-20 11:00:00,29.7,26,996.9,17.8,291
2026-05-20 12:00:00,29.2,22,996.9,19.8,301
2026-05-20 13:00:00,28.5,23,996.6,19.9,305
2026-05-20 14:00:00,27.5,24,996.5,19.8,304
2026-05-20 15:00:00,26.4,25,996.7,19.4,301
2026-05-20 16:00:00,25.0,26,996.8,18.7,300
2026-05-20 17:00:00,23.3,31,997.4,17.8,301
2026-05-20 18:00:00,22.1,38,998.0,16.2,307
2026-05-20 19:00:00,20.9,44,998.6,14.9,306
2026-05-20 20:00:00,20.0,48,999.0,14.0,305
2026-05-20 21:00:00,19.0,56,998.9,12.3,299
2026-05-20 22:00:00,18.4,63,998.9,12.7,297
2026-05-20 23:00:00,18.0,67,998.7,12.5,297
2026-05-21 00:00:00,17.7,70,998.0,10.5,292
2026-05-21 01:00:00,17.4,73,997.9,8.7,287
2026-05-21 02:00:00,17.0,75,997.9,7.6,273
2026-05-21 03:00:00,16.5,79,997.8,7.3,250
2026-05-21 04:00:00,17.0,77,998.3,9.3,246
2026-05-21 05:00:00,18.1,72,998.8,10.4,255
2026-05-21 06:00:00,19.9,62,998.9,12.1,280
2026-05-21 07:00:00,21.5,53,998.9,12.8,281
2026-05-21 08:00:00,22.9,46,998.8,13.4,285
2026-05-21 09:00:00,24.8,38,998.7,14.2,290
2026-05-21 10:00:00,26.5,31,998.0,15.1,293
2026-05-21 11:00:00,27.1,29,997.5,15.8,299
2026-05-21 12:00:00,27.2,31,997.4,16.1,303
2026-05-21 13:00:00,27.8,30,997.0,14.5,306
2026-05-21 14:00:00,27.8,29,996.4,12.8,305
2026-05-21 15:00:00,27.4,29,996.4,14.1,317
2026-05-21 16:00:00,26.0,33,996.8,15.6,325
2026-05-21 17:00:00,25.0,37,997.2,14.5,322
2026-05-21 18:00:00,23.9,39,997.9,12.6,316
2026-05-21 19:00:00,22.6,46,998.5,15.8,324
2026-05-21 20:00:00,21.3,53,998.8,12.1,348
2026-05-21 21:00:00,20.2,58,998.8,9.9,1
2026-05-21 22:00:00,19.3,62,998.7,7.7,30
2026-05-21 23:00:00,18.5,66,998.4,6.4,36
2026-05-22 00:00:00,17.8,70,998.3,4.9,36
2026-05-22 01:00:00,17.1,73,998.3,4.0,60
2026-05-22 02:00:00,16.5,76,998.5,3.7,55
2026-05-22 03:00:00,16.2,78,999.0,2.9,68
2026-05-22 04:00:00,17.2,72,999.4,4.0,90
2026-05-22 05:00:00,19.0,63,999.9,3.0,65
2026-05-22 06:00:00,20.8,55,1000.1,2.2,24
2026-05-22 07:00:00,23.0,45,1000.4,1.6,6
2026-05-22 08:00:00,24.9,37,1000.5,2.4,306
2026-05-22 09:00:00,26.6,30,1000.5,6.0,275
2026-05-22 10:00:00,28.1,26,999.9,8.5,272
2026-05-22 11:00:00,29.0,24,999.5,10.9,297
2026-05-22 12:00:00,28.9,23,999.1,11.0,274
2026-05-22 13:00:00,29.2,22,998.6,10.1,264
2026-05-22 14:00:00,29.0,23,998.2,11.8,241
2026-05-22 15:00:00,28.8,23,998.1,11.0,259
2026-05-22 16:00:00,28.0,24,997.9,10.5,266
2026-05-22 17:00:00,26.8,26,998.4,7.3,279
2026-05-22 18:00:00,24.7,37,999.1,18.2,9
2026-05-22 19:00:00,22.5,47,1000.1,15.4,35
2026-05-22 20:00:00,21.6,49,1000.6,16.7,45
2026-05-22 21:00:00,20.8,53,1000.5,14.1,52
2026-05-22 22:00:00,19.9,59,1000.3,12.7,78
2026-05-22 23:00:00,19.4,63,999.7,12.8,91
2026-05-23 00:00:00,19.4,61,999.4,11.9,89
2026-05-23 01:00:00,19.1,59,999.1,13.3,103
2026-05-23 02:00:00,19.0,56,999.0,9.4,103
2026-05-23 03:00:00,18.4,56,999.1,5.2,112
2026-05-23 04:00:00,19.8,51,999.5,7.8,122
2026-05-23 05:00:00,22.4,44,1000.0,1.5,173
2026-05-23 06:00:00,24.5,39,1000.5,7.1,308
2026-05-23 07:00:00,26.4,34,1000.6,5.3,332
2026-05-23 08:00:00,28.0,26,1000.5,6.3,283
2026-05-23 09:00:00,29.3,23,1000.5,9.5,269
2026-05-23 10:00:00,30.1,20,1000.3,12.4,261
2026-05-23 11:00:00,30.6,18,999.6,12.7,263
2026-05-23 12:00:00,30.8,18,999.4,13.9,267
2026-05-23 13:00:00,30.4,19,999.0,13.1,279
2026-05-23 14:00:00,30.0,19,998.6,11.4,298
2026-05-23 15:00:00,29.7,19,998.6,11.4,303
2026-05-23 16:00:00,28.8,20,998.8,12.9,324
2026-05-23 17:00:00,28.0,21,999.1,12.0,338
2026-05-23 18:00:00,25.5,30,1000.1,17.5,17
2026-05-23 19:00:00,23.8,39,1000.9,20.1,29
2026-05-23 20:00:00,22.0,53,1001.3,16.9,51
2026-05-23 21:00:00,21.0,58,1001.2,14.6,66
2026-05-23 22:00:00,20.2,60,1001.0,13.1,75
2026-05-23 23:00:00,19.5,63,1000.5,11.2,75
2026-05-24 00:00:00,19.2,63,1000.1,10.1,78
2026-05-24 01:00:00,19.0,61,1000.3,10.4,88
2026-05-24 02:00:00,18.6,59,1000.2,9.2,90
2026-05-24 03:00:00,18.1,58,1000.6,5.8,90
2026-05-24 04:00:00,19.1,53,1001.4,6.1,87
2026-05-24 05:00:00,21.6,43,1002.0,3.6,45
2026-05-24 06:00:00,23.8,39,1002.2,5.0,2
2026-05-24 07:00:00,25.6,33,1002.2,4.8,347
2026-05-24 08:00:00,27.0,29,1002.3,5.8,321
2026-05-24 09:00:00,28.4,27,1002.3,7.8,312
2026-05-24 10:00:00,29.7,23,1001.8,8.5,302
2026-05-24 11:00:00,30.5,21,1001.2,10.1,299
2026-05-24 12:00:00,30.2,21,1000.9,10.7,310
2026-05-24 13:00:00,30.2,21,1000.5,10.1,316
2026-05-24 14:00:00,30.1,21,1000.2,10.5,322
2026-05-24 15:00:00,29.9,22,1000.3,9.1,319
2026-05-24 16:00:00,29.1,24,1000.3,9.8,343
2026-05-24 17:00:00,26.6,35,1001.0,23.4,353
2026-05-24 18:00:00,24.5,43,1002.0,14.0,30
2026-05-24 19:00:00,23.3,47,1002.8,15.9,26
2026-05-24 20:00:00,22.1,51,1003.1,13.8,33
2026-05-24 21:00:00,21.1,55,1003.0,10.9,45
2026-05-24 22:00:00,20.1,60,1002.8,10.2,58
2026-05-24 23:00:00,19.2,65,1002.7,8.1,58
2026-05-25 00:00:00,18.5,73,1002.2,8.9,48
2026-05-25 01:00:00,17.7,79,1002.0,9.1,68
2026-05-25 02:00:00,17.1,83,1001.8,9.6,77
2026-05-25 03:00:00,16.7,85,1001.8,9.4,79
2026-05-25 04:00:00,17.4,83,1002.4,8.7,69
2026-05-25 05:00:00,19.2,74,1003.0,7.9,43
2026-05-25 06:00:00,20.9,66,1003.3,9.3,29
2026-05-25 07:00:00,22.5,57,1003.7,8.5,27
2026-05-25 08:00:00,24.4,49,1003.6,7.8,19
2026-05-25 09:00:00,26.0,42,1003.4,8.0,14
2026-05-25 10:00:00,27.5,36,1002.9,8.7,14
2026-05-25 11:00:00,28.8,32,1002.1,9.5,10
2026-05-25 12:00:00,29.9,27,1001.2,11.5,346
2026-05-25 13:00:00,30.0,26,1000.6,13.5,341
2026-05-25 14:00:00,30.0,25,1000.1,11.5,335
2026-05-25 15:00:00,29.1,28,1000.0,15.7,3
2026-05-25 16:00:00,26.9,38,1000.1,20.2,14
2026-05-25 17:00:00,26.1,40,1000.8,15.9,18
2026-05-25 18:00:00,24.0,46,1001.5,18.4,12
2026-05-25 19:00:00,22.6,54,1001.9,19.0,33
2026-05-25 20:00:00,21.1,62,1002.4,16.1,35
2026-05-25 21:00:00,20.1,68,1002.2,14.5,41
2026-05-25 22:00:00,19.4,72,1001.9,12.0,43
2026-05-25 23:00:00,18.6,77,1001.4,11.4,39
2026-05-26 00:00:00,18.4,78,1000.7,10.4,32
2026-05-26 01:00:00,17.8,82,1000.5,9.2,39
2026-05-26 02:00:00,17.2,85,1000.4,8.0,44
2026-05-26 03:00:00,16.8,87,1000.5,7.7,54
2026-05-26 04:00:00,17.5,83,1000.9,8.7,50
2026-05-26 05:00:00,19.0,75,1001.2,10.1,39
2026-05-26 06:00:00,20.9,66,1001.2,11.9,32
2026-05-26 07:00:00,22.5,56,1001.2,11.9,23
2026-05-26 08:00:00,24.5,47,1001.1,11.3,18
2026-05-26 09:00:00,26.1,39,1001.0,9.9,19
2026-05-26 10:00:00,27.8,34,1000.3,9.3,19
2026-05-26 11:00:00,29.0,30,999.6,9.6,20
2026-05-26 12:00:00,29.6,28,999.0,10.2,7
2026-05-26 13:00:00,30.1,26,998.6,10.3,6
2026-05-26 14:00:00,30.2,25,998.0,11.8,7
2026-05-26 15:00:00,29.9,26,997.7,13.6,353
2026-05-26 16:00:00,28.9,27,997.9,13.0,357
2026-05-26 17:00:00,26.2,42,998.5,21.0,26
2026-05-26 18:00:00,23.7,50,999.2,20.5,36
2026-05-26 19:00:00,22.1,57,1000.0,18.4,37
2026-05-26 20:00:00,21.1,61,1000.4,15.9,38
2026-05-26 21:00:00,20.1,66,1000.2,14.1,35
2026-05-26 22:00:00,19.4,70,1000.1,12.0,35
2026-05-26 23:00:00,18.6,75,999.8,9.9,38
2026-05-27 00:00:00,18.3,79,999.0,8.2,23
2026-05-27 01:00:00,17.6,83,998.9,7.7,30
2026-05-27 02:00:00,17.1,87,998.9,7.8,34
2026-05-27 03:00:00,16.5,91,999.6,7.0,44
2026-05-27 04:00:00,17.1,87,1000.0,8.8,47
2026-05-27 05:00:00,18.8,79,1000.2,10.9,44
2026-05-27 06:00:00,20.8,68,1000.4,10.3,38
2026-05-27 07:00:00,22.6,56,1000.6,8.8,28
2026-05-27 08:00:00,24.5,46,1000.6,8.0,18
2026-05-27 09:00:00,26.4,38,1000.3,7.3,7
2026-05-27 10:00:00,28.1,32,999.5,7.0,359
2026-05-27 11:00:00,29.5,27,999.0,6.3,353
2026-05-27 12:00:00,29.5,31,998.5,5.7,9
2026-05-27 13:00:00,30.2,28,998.1,4.9,360
2026-05-27 14:00:00,30.7,26,997.4,3.7,349
2026-05-27 15:00:00,30.4,25,997.0,8.5,342
2026-05-27 16:00:00,30.0,25,997.2,7.7,342
2026-05-27 17:00:00,29.1,26,997.4,8.2,331
2026-05-27 18:00:00,25.0,46,998.3,22.3,41
2026-05-27 19:00:00,24.1,48,999.0,15.4,32
2026-05-27 20:00:00,23.0,53,999.6,12.1,37
2026-05-27 21:00:00,22.2,56,999.7,11.8,28
2026-05-27 22:00:00,21.2,62,999.7,9.2,51
2026-05-27 23:00:00,20.4,68,999.2,8.6,68
2026-05-28 00:00:00,19.8,77,998.3,9.0,80
2026-05-28 01:00:00,19.0,82,998.2,6.5,93
2026-05-28 02:00:00,18.4,86,997.9,5.4,116
2026-05-28 03:00:00,17.6,88,998.0,3.0,128
2026-05-28 04:00:00,18.9,80,998.6,0.8,135
2026-05-28 05:00:00,21.0,66,999.3,2.5,339
2026-05-28 06:00:00,23.5,55,999.5,4.1,311
2026-05-28 07:00:00,25.8,43,999.8,5.3,298
2026-05-28 08:00:00,27.9,32,999.7,8.5,294
2026-05-28 09:00:00,29.4,27,999.6,12.2,294
2026-05-28 10:00:00,30.8,23,999.2,15.7,290
2026-05-28 11:00:00,31.4,21,998.6,17.3,291
2026-05-28 12:00:00,31.5,20,998.3,17.6,286
2026-05-28 13:00:00,31.5,20,997.7,16.9,289
2026-05-28 14:00:00,31.1,19,997.6,16.5,292
2026-05-28 15:00:00,30.5,20,997.7,15.3,291
2026-05-28 16:00:00,29.8,21,997.8,13.6,300
2026-05-28 17:00:00,29.0,21,997.9,9.3,313
2026-05-28 18:00:00,28.1,23,997.9,9.3,352
2026-05-28 19:00:00,26.1,32,999.2,20.0,27
2026-05-28 20:00:00,24.0,47,999.6,13.7,52
2026-05-28 21:00:00,22.8,53,999.3,12.0,72
2026-05-28 22:00:00,22.0,57,999.2,10.6,75
2026-05-28 23:00:00,21.3,59,999.1,9.9,85
2026-05-29 00:00:00,21.0,58,998.5,8.8,86
2026-05-29 01:00:00,20.4,60,998.5,6.7,95
2026-05-29 02:00:00,19.8,61,998.5,5.2,112
2026-05-29 03:00:00,19.1,62,998.8,3.1,130
2026-05-29 04:00:00,20.1,57,999.7,1.2,141
2026-05-29 05:00:00,22.5,50,1000.4,3.6,288
2026-05-29 06:00:00,24.5,46,1000.3,5.0,330
2026-05-29 07:00:00,26.3,37,1000.6,6.5,326
2026-05-29 08:00:00,28.0,30,1001.0,7.8,312
2026-05-29 09:00:00,29.3,27,1001.2,7.8,293
2026-05-29 10:00:00,30.8,22,1000.6,8.0,286
2026-05-29 11:00:00,31.8,18,999.9,8.8,296
2026-05-29 12:00:00,31.9,17,999.5,11.3,309
2026-05-29 13:00:00,32.0,18,999.2,12.1,319
2026-05-29 14:00:00,31.8,19,998.8,9.0,329
2026-05-29 15:00:00,33.6,15,997.7,5.5,251
2026-05-29 16:00:00,31.8,20,998.1,16.8,332
2026-05-29 17:00:00,28.6,32,999.4,19.4,347
2026-05-29 18:00:00,27.4,34,1000.0,14.0,1
2026-05-29 19:00:00,26.0,39,1000.5,13.6,8
2026-05-29 20:00:00,25.0,44,1000.7,10.2,7
2026-05-29 21:00:00,24.1,48,1000.7,9.3,15
2026-05-29 22:00:00,23.0,53,1000.3,8.3,20
2026-05-29 23:00:00,22.0,57,1000.1,6.4,27
2026-05-30 00:00:00,21.0,61,999.4,6.3,37
2026-05-30 01:00:00,20.2,65,999.0,5.8,54
2026-05-30 02:00:00,19.5,68,999.0,5.5,63
2026-05-30 03:00:00,19.0,71,999.2,5.5,58
2026-05-30 04:00:00,19.6,69,999.9,6.5,42
2026-05-30 05:00:00,21.0,66,1000.4,5.6,15
2026-05-30 06:00:00,22.9,59,1000.6,5.2,344
2026-05-30 07:00:00,25.2,47,1000.7,4.3,327
2026-05-30 08:00:00,27.5,36,1000.7,3.8,329
2026-05-30 09:00:00,29.5,29,1000.3,4.3,336
2026-05-30 10:00:00,31.1,26,999.6,5.4,330
2026-05-30 11:00:00,32.5,22,998.8,5.5,322
2026-05-30 12:00:00,32.8,21,998.4,7.2,307
2026-05-30 13:00:00,33.2,20,997.9,8.5,306
2026-05-30 14:00:00,33.2,20,997.3,9.8,306
2026-05-30 15:00:00,32.7,21,997.0,10.9,310
2026-05-30 16:00:00,32.0,22,996.8,10.4,309
2026-05-30 17:00:00,31.1,24,996.9,9.6,290
2026-05-30 18:00:00,29.9,26,997.4,13.3,318
2026-05-30 19:00:00,27.5,35,998.6,17.0,19
2026-05-30 20:00:00,26.2,42,999.1,14.0,29
2026-05-30 21:00:00,25.0,47,999.1,10.9,27
2026-05-30 22:00:00,23.9,51,998.8,10.4,37
2026-05-30 23:00:00,22.8,56,998.7,9.3,40
2026-05-31 00:00:00,21.9,62,998.3,8.4,47
2026-05-31 01:00:00,21.0,66,998.2,7.4,56
2026-05-31 02:00:00,20.3,69,998.2,6.6,68
2026-05-31 03:00:00,19.7,71,998.3,6.6,68
2026-05-31 04:00:00,20.5,68,998.8,7.6,68
2026-05-31 05:00:00,22.3,58,999.2,7.3,65
2026-05-31 06:00:00,24.8,46,999.2,5.5,46
2026-05-31 07:00:00,27.0,39,999.4,3.8,5
2026-05-31 08:00:00,29.1,33,999.5,5.2,340
2026-05-31 09:00:00,30.8,28,999.3,6.8,331
2026-05-31 10:00:00,32.0,24,998.7,6.6,331
2026-05-31 11:00:00,33.2,21,998.1,6.1,317
2026-05-31 12:00:00,33.5,18,997.5,9.5,331
2026-05-31 13:00:00,33.8,17,997.2,12.0,316
2026-05-31 14:00:00,33.7,16,997.0,13.4,305
2026-05-31 15:00:00,33.0,17,996.9,13.9,306
2026-05-31 16:00:00,32.3,18,996.9,14.1,304
2026-05-31 17:00:00,31.5,19,997.7,14.3,313
2026-05-31 18:00:00,28.4,25,998.6,18.5,13
2026-05-31 19:00:00,26.6,31,999.5,17.0,26
2026-05-31 20:00:00,25.2,35,1000.0,14.4,38
2026-05-31 21:00:00,24.1,39,1000.0,11.5,48
2026-05-31 22:00:00,23.1,41,999.9,9.6,56
2026-05-31 23:00:00,22.1,44,999.6,9.6,64
